evaluation_metric,score
AUC,0.888676037872393
Precision,0.9350363356088968
F1,0.8280838615309606
